"loading_type","loading_label","roi_name","band_name","condition_name","roi_index","band_index","condition_index","fro_norm","delta_hat","sdest","ci_low","ci_high","excludes_zero","N","rank1","rank2","rank3","cv_mean_val_mse","cv_mean_val_r2","loading_normalization"
"single_element","anterior_midline | delta | EC","anterior_midline","delta","EC","1","1","1","1","-35.8601903388364","107.650962588849","-46.4495757500332","-25.2708049276397","1","397","2","5","2","8.33496316839579","0.193358413304605","frobenius"
"single_element","anterior_midline | theta | EC","anterior_midline","theta","EC","1","2","1","1","59.2969208914721","160.131677802869","43.5451244187128","75.0487173642314","1","397","2","5","2","8.33496316839579","0.193358413304605","frobenius"
"single_element","anterior_midline | alpha1 | EC","anterior_midline","alpha1","EC","1","3","1","1","-17.9817731303595","95.6667530632338","-27.3922985438064","-8.57124771691269","1","397","2","5","2","8.33496316839579","0.193358413304605","frobenius"
"single_element","anterior_midline | alpha2 | EC","anterior_midline","alpha2","EC","1","4","1","1","18.3869982528623","92.8153730618295","9.25695673907155","27.5170397666531","1","397","2","5","2","8.33496316839579","0.193358413304605","frobenius"
"single_element","anterior_midline | beta1 | EC","anterior_midline","beta1","EC","1","5","1","1","-76.4829484970412","172.456905038202","-93.4471501200823","-59.5187468740001","1","397","2","5","2","8.33496316839579","0.193358413304605","frobenius"
"single_element","anterior_midline | delta | EO","anterior_midline","delta","EO","1","1","2","1","36.9764757523828","115.472670159491","25.6176863893091","48.3352651154565","1","397","2","5","2","8.33496316839579","0.193358413304605","frobenius"
"single_element","anterior_midline | theta | EO","anterior_midline","theta","EO","1","2","2","1","-58.6383680913897","163.151948635939","-74.6872618787334","-42.589474304046","1","397","2","5","2","8.33496316839579","0.193358413304605","frobenius"
"single_element","anterior_midline | alpha1 | EO","anterior_midline","alpha1","EO","1","3","2","1","15.8278043197283","86.9915987191395","7.27063451631988","24.3849741231366","1","397","2","5","2","8.33496316839579","0.193358413304605","frobenius"
"single_element","anterior_midline | alpha2 | EO","anterior_midline","alpha2","EO","1","4","2","1","-17.465809620251","79.504468266835","-25.2864870776859","-9.64513216281603","1","397","2","5","2","8.33496316839579","0.193358413304605","frobenius"
"single_element","anterior_midline | beta1 | EO","anterior_midline","beta1","EO","1","5","2","1","81.6390836156799","187.391965256962","63.2057533848443","100.072413846515","1","397","2","5","2","8.33496316839579","0.193358413304605","frobenius"
"single_element","anterior_midline | beta2 | EC","anterior_midline","beta2","EC","1","6","1","1","71.4023522262201","172.658948846453","54.4182760037879","88.3864284486523","1","397","2","5","2","8.33496316839579","0.193358413304605","frobenius"
"single_element","anterior_midline | gamma1 | EC","anterior_midline","gamma1","EC","1","7","1","1","-34.7748329945504","254.273335758898","-59.7871346720139","-9.76253131708686","1","397","2","5","2","8.33496316839579","0.193358413304605","frobenius"
"single_element","anterior_midline | gamma2 | EC","anterior_midline","gamma2","EC","1","8","1","1","21.497586509371","197.233809659407","2.09613596610898","40.8990370526329","1","397","2","5","2","8.33496316839579","0.193358413304605","frobenius"
"single_element","frontal_left | delta | EC","frontal_left","delta","EC","2","1","1","1","53.0228113800382","122.884696365136","40.9349175084499","65.1107052516265","1","397","2","5","2","8.33496316839579","0.193358413304605","frobenius"
"single_element","frontal_left | theta | EC","frontal_left","theta","EC","2","2","1","1","-90.6187155406903","193.992527733925","-109.701328400481","-71.5361026808995","1","397","2","5","2","8.33496316839579","0.193358413304605","frobenius"
"single_element","anterior_midline | beta2 | EO","anterior_midline","beta2","EO","1","6","2","1","-88.5858222492634","214.081212938824","-109.644514327698","-67.5271301708283","1","397","2","5","2","8.33496316839579","0.193358413304605","frobenius"
"single_element","anterior_midline | gamma1 | EO","anterior_midline","gamma1","EO","1","7","2","1","37.7721123358838","281.179286360463","10.1131322272875","65.4310924444802","1","397","2","5","2","8.33496316839579","0.193358413304605","frobenius"
"single_element","anterior_midline | gamma2 | EO","anterior_midline","gamma2","EO","1","8","2","1","-20.484332738694","206.798970067535","-40.8266868061395","-0.141978671248602","1","397","2","5","2","8.33496316839579","0.193358413304605","frobenius"
"single_element","frontal_left | delta | EO","frontal_left","delta","EO","2","1","2","1","-56.9027994142203","141.064097683547","-70.7789605012232","-43.0266383272173","1","397","2","5","2","8.33496316839579","0.193358413304605","frobenius"
"single_element","frontal_left | theta | EO","frontal_left","theta","EO","2","2","2","1","86.2833710102402","197.03030018111","66.9019392410671","105.664802779413","1","397","2","5","2","8.33496316839579","0.193358413304605","frobenius"
"single_element","frontal_left | alpha1 | EC","frontal_left","alpha1","EC","2","3","1","1","24.4480264479369","116.288132156436","13.0090219045604","35.8870309913133","1","397","2","5","2","8.33496316839579","0.193358413304605","frobenius"
"single_element","frontal_left | alpha2 | EC","frontal_left","alpha2","EC","2","4","1","1","-23.1145162910131","115.560560580228","-34.48195123901","-11.7470813430162","1","397","2","5","2","8.33496316839579","0.193358413304605","frobenius"
"single_element","frontal_left | beta1 | EC","frontal_left","beta1","EC","2","5","1","1","93.3247510262319","218.038205866639","71.8768183671803","114.772683685284","1","397","2","5","2","8.33496316839579","0.193358413304605","frobenius"
"single_element","frontal_left | beta2 | EC","frontal_left","beta2","EC","2","6","1","1","-86.4414380341161","217.560554137696","-107.842385156499","-65.0404909117328","1","397","2","5","2","8.33496316839579","0.193358413304605","frobenius"
"single_element","frontal_left | gamma1 | EC","frontal_left","gamma1","EC","2","7","1","1","74.9556605231633","298.279033717824","45.6146163545104","104.296704691816","1","397","2","5","2","8.33496316839579","0.193358413304605","frobenius"
"single_element","frontal_left | alpha1 | EO","frontal_left","alpha1","EO","2","3","2","1","-19.9768920174228","105.048786621288","-30.3103071747028","-9.64347686014274","1","397","2","5","2","8.33496316839579","0.193358413304605","frobenius"
"single_element","frontal_left | alpha2 | EO","frontal_left","alpha2","EO","2","4","2","1","26.9956955961087","118.908945910142","15.2988874413056","38.6925037509117","1","397","2","5","2","8.33496316839579","0.193358413304605","frobenius"
"single_element","frontal_left | beta1 | EO","frontal_left","beta1","EO","2","5","2","1","-101.07209776155","228.714848153303","-123.570267941493","-78.5739275816058","1","397","2","5","2","8.33496316839579","0.193358413304605","frobenius"
"single_element","frontal_left | beta2 | EO","frontal_left","beta2","EO","2","6","2","1","91.2201347567544","272.182460583994","64.4461523605175","117.994117152991","1","397","2","5","2","8.33496316839579","0.193358413304605","frobenius"
"single_element","frontal_left | gamma1 | EO","frontal_left","gamma1","EO","2","7","2","1","-90.1833702143226","319.641633537649","-121.625805744809","-58.740934683836","1","397","2","5","2","8.33496316839579","0.193358413304605","frobenius"
"single_element","frontal_left | gamma2 | EC","frontal_left","gamma2","EC","2","8","1","1","-62.7479668317392","241.595258225341","-86.5131542610132","-38.9827794024653","1","397","2","5","2","8.33496316839579","0.193358413304605","frobenius"
"single_element","frontal_right | delta | EC","frontal_right","delta","EC","3","1","1","1","-4.01560779162903","99.7512054582492","-13.8279116895813","5.79669610632328","0","397","2","5","2","8.33496316839579","0.193358413304605","frobenius"
"single_element","frontal_right | theta | EC","frontal_right","theta","EC","3","2","1","1","-10.9833306466732","176.517272542893","-28.3469415772045","6.38028028385819","0","397","2","5","2","8.33496316839579","0.193358413304605","frobenius"
"single_element","frontal_right | alpha1 | EC","frontal_right","alpha1","EC","3","3","1","1","10.9449871952017","96.9411936867715","1.40909789626994","20.4808764941334","1","397","2","5","2","8.33496316839579","0.193358413304605","frobenius"
"single_element","frontal_right | alpha2 | EC","frontal_right","alpha2","EC","3","4","1","1","-2.63267352871058","102.179690645298","-12.6838621053746","7.41851504795343","0","397","2","5","2","8.33496316839579","0.193358413304605","frobenius"
"single_element","frontal_left | gamma2 | EO","frontal_left","gamma2","EO","2","8","2","1","57.8142892216515","251.235147080774","33.1008473972807","82.5277310460223","1","397","2","5","2","8.33496316839579","0.193358413304605","frobenius"
"single_element","frontal_right | delta | EO","frontal_right","delta","EO","3","1","2","1","4.4681950446721","108.468692395033","-6.20162862617113","15.1380187155153","0","397","2","5","2","8.33496316839579","0.193358413304605","frobenius"
"single_element","frontal_right | theta | EO","frontal_right","theta","EO","3","2","2","1","5.03431307081673","176.933789417255","-12.3702696969079","22.4388958385413","0","397","2","5","2","8.33496316839579","0.193358413304605","frobenius"
"single_element","frontal_right | alpha1 | EO","frontal_right","alpha1","EO","3","3","2","1","-7.15325536401609","71.9638959239681","-14.2321835157379","-0.0743272122942775","1","397","2","5","2","8.33496316839579","0.193358413304605","frobenius"
"single_element","frontal_right | alpha2 | EO","frontal_right","alpha2","EO","3","4","2","1","4.27050441838982","70.2262552230008","-2.63749588794892","11.1785047247286","0","397","2","5","2","8.33496316839579","0.193358413304605","frobenius"
"single_element","frontal_right | beta1 | EC","frontal_right","beta1","EC","3","5","1","1","26.5515037385463","181.917964672352","8.65663875258685","44.4463687245058","1","397","2","5","2","8.33496316839579","0.193358413304605","frobenius"
"single_element","frontal_right | beta2 | EC","frontal_right","beta2","EC","3","6","1","1","-27.0673268311335","152.065278321857","-42.0256495538126","-12.1090041084544","1","397","2","5","2","8.33496316839579","0.193358413304605","frobenius"
"single_element","frontal_right | gamma1 | EC","frontal_right","gamma1","EC","3","7","1","1","-62.9693391163102","202.271763194126","-82.8663619273892","-43.0723163052312","1","397","2","5","2","8.33496316839579","0.193358413304605","frobenius"
"single_element","frontal_right | gamma2 | EC","frontal_right","gamma2","EC","3","8","1","1","61.3773150808493","159.38958778008","45.6985163507217","77.0561138109768","1","397","2","5","2","8.33496316839579","0.193358413304605","frobenius"
"single_element","central_left | delta | EC","central_left","delta","EC","4","1","1","1","-6.57776510349262","112.514029953643","-17.6455196195074","4.48998941252219","0","397","2","5","2","8.33496316839579","0.193358413304605","frobenius"
"single_element","frontal_right | beta1 | EO","frontal_right","beta1","EO","3","5","2","1","-24.8481828305409","188.323250174975","-43.3731214844441","-6.3232441766377","1","397","2","5","2","8.33496316839579","0.193358413304605","frobenius"
"single_element","frontal_right | beta2 | EO","frontal_right","beta2","EO","3","6","2","1","18.5114001800303","159.851007807992","2.7872125895108","34.2355877705498","1","397","2","5","2","8.33496316839579","0.193358413304605","frobenius"
"single_element","frontal_right | gamma1 | EO","frontal_right","gamma1","EO","3","7","2","1","59.9784110072113","184.472081059792","41.832303281185","78.1245187332375","1","397","2","5","2","8.33496316839579","0.193358413304605","frobenius"
"single_element","frontal_right | gamma2 | EO","frontal_right","gamma2","EO","3","8","2","1","-65.6872449100039","151.460383508435","-80.586065477212","-50.7884243427957","1","397","2","5","2","8.33496316839579","0.193358413304605","frobenius"
"single_element","central_left | delta | EO","central_left","delta","EO","4","1","2","1","14.2091408542394","104.989294792035","3.88157777569263","24.5367039327861","1","397","2","5","2","8.33496316839579","0.193358413304605","frobenius"
"single_element","central_left | theta | EC","central_left","theta","EC","4","2","1","1","0.688504301399637","145.356462959294","-13.6098871970871","14.9868957998864","0","397","2","5","2","8.33496316839579","0.193358413304605","frobenius"
"single_element","central_left | alpha1 | EC","central_left","alpha1","EC","4","3","1","1","9.82147728106755","85.3952760086446","1.4213341870871","18.221620375048","1","397","2","5","2","8.33496316839579","0.193358413304605","frobenius"
"single_element","central_left | alpha2 | EC","central_left","alpha2","EC","4","4","1","1","-1.59223486617235","87.0707990389604","-10.157195428633","6.9727256962883","0","397","2","5","2","8.33496316839579","0.193358413304605","frobenius"
"single_element","central_left | beta1 | EC","central_left","beta1","EC","4","5","1","1","19.728273465319","155.771735145337","4.40535484056989","35.0511920900682","1","397","2","5","2","8.33496316839579","0.193358413304605","frobenius"
"single_element","central_left | beta2 | EC","central_left","beta2","EC","4","6","1","1","-20.1220647996349","162.429163831797","-36.0998598557053","-4.14426974356443","1","397","2","5","2","8.33496316839579","0.193358413304605","frobenius"
"single_element","central_left | theta | EO","central_left","theta","EO","4","2","2","1","5.26709201850059","146.220627918611","-9.11630546221802","19.6504894992192","0","397","2","5","2","8.33496316839579","0.193358413304605","frobenius"
"single_element","central_left | alpha1 | EO","central_left","alpha1","EO","4","3","2","1","-19.2136765231589","75.7852397939469","-26.6685017598187","-11.758851286499","1","397","2","5","2","8.33496316839579","0.193358413304605","frobenius"
"single_element","central_left | alpha2 | EO","central_left","alpha2","EO","4","4","2","1","1.35982422276089","71.9297764733371","-5.71574767459904","8.43539612012081","0","397","2","5","2","8.33496316839579","0.193358413304605","frobenius"
"single_element","central_left | beta1 | EO","central_left","beta1","EO","4","5","2","1","-24.2898978300678","171.655479818419","-41.1752650393104","-7.40453062082512","1","397","2","5","2","8.33496316839579","0.193358413304605","frobenius"
"single_element","central_left | beta2 | EO","central_left","beta2","EO","4","6","2","1","10.9610710087702","205.220869034142","-9.22604877503736","31.1481907925778","0","397","2","5","2","8.33496316839579","0.193358413304605","frobenius"
"single_element","central_left | gamma1 | EC","central_left","gamma1","EC","4","7","1","1","-87.8711634780369","209.838253942441","-108.512485130643","-67.2298418254307","1","397","2","5","2","8.33496316839579","0.193358413304605","frobenius"
"single_element","central_left | gamma2 | EC","central_left","gamma2","EC","4","8","1","1","94.41604107871","175.978286000649","77.1054490538159","111.726633103604","1","397","2","5","2","8.33496316839579","0.193358413304605","frobenius"
"single_element","central_right | delta | EC","central_right","delta","EC","5","1","1","1","-9.97909158060288","106.341426877099","-20.4396608806572","0.481477719451419","0","397","2","5","2","8.33496316839579","0.193358413304605","frobenius"
"single_element","central_right | theta | EC","central_right","theta","EC","5","2","1","1","39.0715300492824","163.094271767178","23.0283098070509","55.1147502915139","1","397","2","5","2","8.33496316839579","0.193358413304605","frobenius"
"single_element","central_right | alpha1 | EC","central_right","alpha1","EC","5","3","1","1","-24.5152983618956","93.8832732132926","-33.7503868349756","-15.2802098888156","1","397","2","5","2","8.33496316839579","0.193358413304605","frobenius"
"single_element","central_left | gamma1 | EO","central_left","gamma1","EO","4","7","2","1","85.9810637513569","323.075919178532","54.2008051918061","117.761322310908","1","397","2","5","2","8.33496316839579","0.193358413304605","frobenius"
"single_element","central_left | gamma2 | EO","central_left","gamma2","EO","4","8","2","1","-85.9792250488334","226.372419930534","-108.246975781961","-63.711474315706","1","397","2","5","2","8.33496316839579","0.193358413304605","frobenius"
"single_element","central_right | delta | EO","central_right","delta","EO","5","1","2","1","4.55508383296272","110.744583718967","-6.33861419816078","15.4487818640862","0","397","2","5","2","8.33496316839579","0.193358413304605","frobenius"
"single_element","central_right | theta | EO","central_right","theta","EO","5","2","2","1","-35.7573843874659","164.304039980543","-51.9196068342431","-19.5951619406887","1","397","2","5","2","8.33496316839579","0.193358413304605","frobenius"
"single_element","central_right | alpha1 | EO","central_right","alpha1","EO","5","3","2","1","20.3713626552176","81.7110837903958","12.3336253436821","28.409099966753","1","397","2","5","2","8.33496316839579","0.193358413304605","frobenius"
"single_element","central_right | alpha2 | EC","central_right","alpha2","EC","5","4","1","1","14.900196141955","96.6486986706797","5.39307892626122","24.4073133576488","1","397","2","5","2","8.33496316839579","0.193358413304605","frobenius"
"single_element","central_right | beta1 | EC","central_right","beta1","EC","5","5","1","1","-61.4361091072726","170.544278776388","-78.212169945068","-44.6600482694771","1","397","2","5","2","8.33496316839579","0.193358413304605","frobenius"
"single_element","central_right | beta2 | EC","central_right","beta2","EC","5","6","1","1","41.5598793029439","156.228738084891","26.1920063169461","56.9277522889418","1","397","2","5","2","8.33496316839579","0.193358413304605","frobenius"
"single_element","central_right | gamma1 | EC","central_right","gamma1","EC","5","7","1","1","71.778569047931","212.64767443659","50.8608909589382","92.6962471369238","1","397","2","5","2","8.33496316839579","0.193358413304605","frobenius"
"single_element","central_right | gamma2 | EC","central_right","gamma2","EC","5","8","1","1","-67.1491679216419","179.542244323393","-84.8103385884856","-49.4879972547982","1","397","2","5","2","8.33496316839579","0.193358413304605","frobenius"
"single_element","central_right | alpha2 | EO","central_right","alpha2","EO","5","4","2","1","-9.87644993571461","99.2624508984184","-19.6406761362543","-0.112223735174956","1","397","2","5","2","8.33496316839579","0.193358413304605","frobenius"
"single_element","central_right | beta1 | EO","central_right","beta1","EO","5","5","2","1","69.7999273729008","177.072141951066","52.3817351745876","87.218119571214","1","397","2","5","2","8.33496316839579","0.193358413304605","frobenius"
"single_element","central_right | beta2 | EO","central_right","beta2","EO","5","6","2","1","-63.0588517109387","198.315313588319","-82.5666873867769","-43.5510160351005","1","397","2","5","2","8.33496316839579","0.193358413304605","frobenius"
"single_element","central_right | gamma1 | EO","central_right","gamma1","EO","5","7","2","1","-61.2055025292471","257.071566959984","-86.4930599772614","-35.9179450812328","1","397","2","5","2","8.33496316839579","0.193358413304605","frobenius"
"single_element","central_right | gamma2 | EO","central_right","gamma2","EO","5","8","2","1","64.2936848504129","187.847359570677","45.8155584952695","82.7718112055564","1","397","2","5","2","8.33496316839579","0.193358413304605","frobenius"
"single_element","temporal_left | delta | EC","temporal_left","delta","EC","6","1","1","1","-25.5884089661507","87.0051686142315","-34.1469136099141","-17.0299043223873","1","397","2","5","2","8.33496316839579","0.193358413304605","frobenius"
"single_element","temporal_left | theta | EC","temporal_left","theta","EC","6","2","1","1","21.2893930595432","124.868525517746","9.00635433293686","33.5724317861496","1","397","2","5","2","8.33496316839579","0.193358413304605","frobenius"
"single_element","temporal_left | alpha1 | EC","temporal_left","alpha1","EC","6","3","1","1","7.91514349632517","77.7612203076522","0.265945457774508","15.5643415348758","1","397","2","5","2","8.33496316839579","0.193358413304605","frobenius"
"single_element","temporal_left | alpha2 | EC","temporal_left","alpha2","EC","6","4","1","1","-0.182080821494403","72.9259114576517","-7.35564029849884","6.99147865551004","0","397","2","5","2","8.33496316839579","0.193358413304605","frobenius"
"single_element","temporal_left | beta1 | EC","temporal_left","beta1","EC","6","5","1","1","-18.9131590531207","148.172956470267","-33.4886027449051","-4.33771536133641","1","397","2","5","2","8.33496316839579","0.193358413304605","frobenius"
"single_element","temporal_left | delta | EO","temporal_left","delta","EO","6","1","2","1","22.2530862889403","88.3062526195848","13.5665969095675","30.939575668313","1","397","2","5","2","8.33496316839579","0.193358413304605","frobenius"
"single_element","temporal_left | theta | EO","temporal_left","theta","EO","6","2","2","1","-21.5171948203631","126.093439761558","-33.9207256327943","-9.11366400793188","1","397","2","5","2","8.33496316839579","0.193358413304605","frobenius"
"single_element","temporal_left | alpha1 | EO","temporal_left","alpha1","EO","6","3","2","1","-4.14303628713784","73.0313836998983","-11.3269708336862","3.04089825941055","0","397","2","5","2","8.33496316839579","0.193358413304605","frobenius"
"single_element","temporal_left | alpha2 | EO","temporal_left","alpha2","EO","6","4","2","1","-3.54987361349498","66.3541773012794","-10.0769862392294","2.97723901223941","0","397","2","5","2","8.33496316839579","0.193358413304605","frobenius"
"single_element","temporal_left | beta1 | EO","temporal_left","beta1","EO","6","5","2","1","19.2853345393686","147.492170056177","4.77685829077416","33.7938107879631","1","397","2","5","2","8.33496316839579","0.193358413304605","frobenius"
"single_element","temporal_left | beta2 | EC","temporal_left","beta2","EC","6","6","1","1","31.850695865843","168.793829395552","15.2468228347397","48.4545688969464","1","397","2","5","2","8.33496316839579","0.193358413304605","frobenius"
"single_element","temporal_left | gamma1 | EC","temporal_left","gamma1","EC","6","7","1","1","-99.8133094161624","283.69145435107","-127.719405894464","-71.907212937861","1","397","2","5","2","8.33496316839579","0.193358413304605","frobenius"
"single_element","temporal_left | gamma2 | EC","temporal_left","gamma2","EC","6","8","1","1","89.6803537415382","176.599451268536","72.3086590728078","107.052048410269","1","397","2","5","2","8.33496316839579","0.193358413304605","frobenius"
"single_element","temporal_right | delta | EC","temporal_right","delta","EC","7","1","1","1","-37.3435850578151","100.774484165547","-47.2565466029827","-27.4306235126475","1","397","2","5","2","8.33496316839579","0.193358413304605","frobenius"
"single_element","temporal_right | theta | EC","temporal_right","theta","EC","7","2","1","1","57.2713351440083","149.818799716147","42.5339935180308","72.0086767699858","1","397","2","5","2","8.33496316839579","0.193358413304605","frobenius"
"single_element","temporal_left | beta2 | EO","temporal_left","beta2","EO","6","6","2","1","-36.5558412913708","176.444202785521","-53.912264512623","-19.1994180701186","1","397","2","5","2","8.33496316839579","0.193358413304605","frobenius"
"single_element","temporal_left | gamma1 | EO","temporal_left","gamma1","EO","6","7","2","1","101.23020721813","218.352195983719","79.7513880506338","122.709026385626","1","397","2","5","2","8.33496316839579","0.193358413304605","frobenius"
"single_element","temporal_left | gamma2 | EO","temporal_left","gamma2","EO","6","8","2","1","-79.0535599637416","176.768524731573","-96.4418860124416","-61.6652339150417","1","397","2","5","2","8.33496316839579","0.193358413304605","frobenius"
"single_element","temporal_right | delta | EO","temporal_right","delta","EO","7","1","2","1","33.7918268469672","110.958966432834","22.8770404657905","44.7066132281439","1","397","2","5","2","8.33496316839579","0.193358413304605","frobenius"
"single_element","temporal_right | theta | EO","temporal_right","theta","EO","7","2","2","1","-55.6548347505176","153.323559985897","-70.7369318378278","-40.5727376632073","1","397","2","5","2","8.33496316839579","0.193358413304605","frobenius"
"single_element","temporal_right | alpha1 | EC","temporal_right","alpha1","EC","7","3","1","1","-16.7368158941389","92.7730358454278","-25.8626927902529","-7.61093899802483","1","397","2","5","2","8.33496316839579","0.193358413304605","frobenius"
"single_element","temporal_right | alpha2 | EC","temporal_right","alpha2","EC","7","4","1","1","19.8971974249853","87.0241800741545","11.3368226662549","28.4575721837157","1","397","2","5","2","8.33496316839579","0.193358413304605","frobenius"
"single_element","temporal_right | beta1 | EC","temporal_right","beta1","EC","7","5","1","1","-72.0356199732737","165.497236699815","-88.3152145236335","-55.756025422914","1","397","2","5","2","8.33496316839579","0.193358413304605","frobenius"
"single_element","temporal_right | beta2 | EC","temporal_right","beta2","EC","7","6","1","1","70.7987240668945","181.071588112796","52.9871152579036","88.6103328758853","1","397","2","5","2","8.33496316839579","0.193358413304605","frobenius"
"single_element","temporal_right | gamma1 | EC","temporal_right","gamma1","EC","7","7","1","1","-51.2536789711272","241.235280973862","-74.9834562399762","-27.5239017022782","1","397","2","5","2","8.33496316839579","0.193358413304605","frobenius"
"single_element","temporal_right | alpha1 | EO","temporal_right","alpha1","EO","7","3","2","1","15.538207361991","87.6600020482813","6.91528821187737","24.1611265121047","1","397","2","5","2","8.33496316839579","0.193358413304605","frobenius"
"single_element","temporal_right | alpha2 | EO","temporal_right","alpha2","EO","7","4","2","1","-17.9928964704453","95.603924572328","-27.3972415851841","-8.58855135570648","1","397","2","5","2","8.33496316839579","0.193358413304605","frobenius"
"single_element","temporal_right | beta1 | EO","temporal_right","beta1","EO","7","5","2","1","81.4901580894126","182.057381586858","63.5815789721064","99.3987372067188","1","397","2","5","2","8.33496316839579","0.193358413304605","frobenius"
"single_element","temporal_right | beta2 | EO","temporal_right","beta2","EO","7","6","2","1","-76.8525062471718","202.680661864665","-96.7897515097026","-56.9152609846411","1","397","2","5","2","8.33496316839579","0.193358413304605","frobenius"
"single_element","temporal_right | gamma1 | EO","temporal_right","gamma1","EO","7","7","2","1","59.5574353305295","403.472661529146","19.8687282993481","99.2461423617109","1","397","2","5","2","8.33496316839579","0.193358413304605","frobenius"
"single_element","temporal_right | gamma2 | EC","temporal_right","gamma2","EC","7","8","1","1","29.0561329022599","199.429701123615","9.43867740672951","48.6735883977903","1","397","2","5","2","8.33496316839579","0.193358413304605","frobenius"
"single_element","posterior_left | delta | EC","posterior_left","delta","EC","8","1","1","1","133.083326226083","361.948981768242","97.479211084328","168.687441367839","1","397","2","5","2","8.33496316839579","0.193358413304605","frobenius"
"single_element","posterior_left | theta | EC","posterior_left","theta","EC","8","2","1","1","-212.226684419405","469.364346142973","-258.3970097008","-166.056359138011","1","397","2","5","2","8.33496316839579","0.193358413304605","frobenius"
"single_element","posterior_left | alpha1 | EC","posterior_left","alpha1","EC","8","3","1","1","36.8947251359591","301.900647007923","7.19743093463682","66.5920193372813","1","397","2","5","2","8.33496316839579","0.193358413304605","frobenius"
"single_element","posterior_left | alpha2 | EC","posterior_left","alpha2","EC","8","4","1","1","-57.3445646059864","275.647833063965","-84.4594279744067","-30.2297012375661","1","397","2","5","2","8.33496316839579","0.193358413304605","frobenius"
"single_element","temporal_right | gamma2 | EO","temporal_right","gamma2","EO","7","8","2","1","-23.5235514215885","216.339424745","-44.8043787655208","-2.24272407765618","1","397","2","5","2","8.33496316839579","0.193358413304605","frobenius"
"single_element","posterior_left | delta | EO","posterior_left","delta","EO","8","1","2","1","-144.228673847618","384.158266049125","-182.017466815761","-106.439880879476","1","397","2","5","2","8.33496316839579","0.193358413304605","frobenius"
"single_element","posterior_left | theta | EO","posterior_left","theta","EO","8","2","2","1","205.355500203478","478.744314379927","158.262488339287","252.448512067669","1","397","2","5","2","8.33496316839579","0.193358413304605","frobenius"
"single_element","posterior_left | alpha1 | EO","posterior_left","alpha1","EO","8","3","2","1","-26.4600715319692","301.712717129944","-56.1388794897843","3.21873642584589","0","397","2","5","2","8.33496316839579","0.193358413304605","frobenius"
"single_element","posterior_left | alpha2 | EO","posterior_left","alpha2","EO","8","4","2","1","46.006643821436","278.958346553647","18.5661326147785","73.4471550280936","1","397","2","5","2","8.33496316839579","0.193358413304605","frobenius"
"single_element","posterior_left | beta1 | EC","posterior_left","beta1","EC","8","5","1","1","206.251530528374","561.687072088401","150.999624332722","261.503436724026","1","397","2","5","2","8.33496316839579","0.193358413304605","frobenius"
"single_element","posterior_left | beta2 | EC","posterior_left","beta2","EC","8","6","1","1","-208.102080424347","699.275246050575","-276.888228832704","-139.31593201599","1","397","2","5","2","8.33496316839579","0.193358413304605","frobenius"
"single_element","posterior_left | gamma1 | EC","posterior_left","gamma1","EC","8","7","1","1","363.208897962709","886.707587399977","275.985447617236","450.432348308182","1","397","2","5","2","8.33496316839579","0.193358413304605","frobenius"
"single_element","posterior_left | gamma2 | EC","posterior_left","gamma2","EC","8","8","1","1","-286.203774268213","721.582332734575","-357.184221107509","-215.223327428916","1","397","2","5","2","8.33496316839579","0.193358413304605","frobenius"
"single_element","posterior_midline | delta | EC","posterior_midline","delta","EC","9","1","1","1","-52.8873217124378","125.809688125972","-65.2629405084967","-40.511702916379","1","397","2","5","2","8.33496316839579","0.193358413304605","frobenius"
"single_element","posterior_left | beta1 | EO","posterior_left","beta1","EO","8","5","2","1","-247.000120411145","593.564196068253","-305.387708290504","-188.612532531787","1","397","2","5","2","8.33496316839579","0.193358413304605","frobenius"
"single_element","posterior_left | beta2 | EO","posterior_left","beta2","EO","8","6","2","1","269.024106799565","717.69039027872","198.42650167085","339.62171192828","1","397","2","5","2","8.33496316839579","0.193358413304605","frobenius"
"single_element","posterior_left | gamma1 | EO","posterior_left","gamma1","EO","8","7","2","1","-368.186802186084","932.652964326704","-459.929796922423","-276.443807449744","1","397","2","5","2","8.33496316839579","0.193358413304605","frobenius"
"single_element","posterior_left | gamma2 | EO","posterior_left","gamma2","EO","8","8","2","1","286.359326539969","787.68889713379","208.876124204588","363.84252887535","1","397","2","5","2","8.33496316839579","0.193358413304605","frobenius"
"single_element","posterior_midline | delta | EO","posterior_midline","delta","EO","9","1","2","1","49.8497786566951","151.609246492583","34.9363147693094","64.7632425440807","1","397","2","5","2","8.33496316839579","0.193358413304605","frobenius"
"single_element","posterior_midline | theta | EC","posterior_midline","theta","EC","9","2","1","1","77.2446414521915","183.884400915017","59.1563425130248","95.3329403913582","1","397","2","5","2","8.33496316839579","0.193358413304605","frobenius"
"single_element","posterior_midline | alpha1 | EC","posterior_midline","alpha1","EC","9","3","1","1","-18.1045437541062","113.333501665593","-29.2529078771577","-6.95617963105468","1","397","2","5","2","8.33496316839579","0.193358413304605","frobenius"
"single_element","posterior_midline | alpha2 | EC","posterior_midline","alpha2","EC","9","4","1","1","21.9308055313582","107.645193165744","11.3419876454616","32.5196234172548","1","397","2","5","2","8.33496316839579","0.193358413304605","frobenius"
"single_element","posterior_midline | beta1 | EC","posterior_midline","beta1","EC","9","5","1","1","-83.1136165007033","211.206758867366","-103.889554934606","-62.337678066801","1","397","2","5","2","8.33496316839579","0.193358413304605","frobenius"
"single_element","posterior_midline | beta2 | EC","posterior_midline","beta2","EC","9","6","1","1","87.3401321510208","229.476926471581","64.7669980243393","109.913266277702","1","397","2","5","2","8.33496316839579","0.193358413304605","frobenius"
"single_element","posterior_midline | theta | EO","posterior_midline","theta","EO","9","2","2","1","-71.0868984086291","185.360918533515","-89.3204390971744","-52.8533577200837","1","397","2","5","2","8.33496316839579","0.193358413304605","frobenius"
"single_element","posterior_midline | alpha1 | EO","posterior_midline","alpha1","EO","9","3","2","1","12.1920709496767","105.993706361582","1.76570614223112","22.6184357571222","1","397","2","5","2","8.33496316839579","0.193358413304605","frobenius"
"single_element","posterior_midline | alpha2 | EO","posterior_midline","alpha2","EO","9","4","2","1","-16.1181677706922","103.008460805553","-26.2508806220416","-5.98545491934274","1","397","2","5","2","8.33496316839579","0.193358413304605","frobenius"
"single_element","posterior_midline | beta1 | EO","posterior_midline","beta1","EO","9","5","2","1","93.4760574474936","221.141425739775","71.7228679615446","115.229246933443","1","397","2","5","2","8.33496316839579","0.193358413304605","frobenius"
"single_element","posterior_midline | beta2 | EO","posterior_midline","beta2","EO","9","6","2","1","-102.431647181689","251.500367702264","-127.17117816785","-77.6921161955265","1","397","2","5","2","8.33496316839579","0.193358413304605","frobenius"
"single_element","posterior_midline | gamma1 | EC","posterior_midline","gamma1","EC","9","7","1","1","-110.017831331875","303.193746961359","-139.842324895403","-80.193337768347","1","397","2","5","2","8.33496316839579","0.193358413304605","frobenius"
"single_element","posterior_midline | gamma2 | EC","posterior_midline","gamma2","EC","9","8","1","1","81.4424014717383","247.958995284018","57.0512274024078","105.833575541069","1","397","2","5","2","8.33496316839579","0.193358413304605","frobenius"
"single_element","posterior_right | delta | EC","posterior_right","delta","EC","10","1","1","1","-38.2480183262891","92.6260451148506","-47.3594360716393","-29.136600580939","1","397","2","5","2","8.33496316839579","0.193358413304605","frobenius"
"single_element","posterior_right | theta | EC","posterior_right","theta","EC","10","2","1","1","42.7989970343796","148.443530124042","28.1969376149414","57.4010564538177","1","397","2","5","2","8.33496316839579","0.193358413304605","frobenius"
"single_element","posterior_right | alpha1 | EC","posterior_right","alpha1","EC","10","3","1","1","-6.7500804131801","86.933323871614","-15.3015178496371","1.80135702327693","0","397","2","5","2","8.33496316839579","0.193358413304605","frobenius"
"single_element","posterior_midline | gamma1 | EO","posterior_midline","gamma1","EO","9","7","2","1","104.127276830356","354.915873760214","69.2149928580071","139.039560802704","1","397","2","5","2","8.33496316839579","0.193358413304605","frobenius"
"single_element","posterior_midline | gamma2 | EO","posterior_midline","gamma2","EO","9","8","2","1","-77.7995247339903","259.328116550892","-103.309053939088","-52.2899955288922","1","397","2","5","2","8.33496316839579","0.193358413304605","frobenius"
"single_element","posterior_right | delta | EO","posterior_right","delta","EO","10","1","2","1","37.7634297054609","98.6815471158999","28.0563457161191","47.4705136948026","1","397","2","5","2","8.33496316839579","0.193358413304605","frobenius"
"single_element","posterior_right | theta | EO","posterior_right","theta","EO","10","2","2","1","-50.8949805110089","148.258356297613","-65.4788247935921","-36.3111362284257","1","397","2","5","2","8.33496316839579","0.193358413304605","frobenius"
"single_element","posterior_right | alpha1 | EO","posterior_right","alpha1","EO","10","3","2","1","6.73141758939008","74.5162019651642","-0.59857522267087","14.061410401451","0","397","2","5","2","8.33496316839579","0.193358413304605","frobenius"
"single_element","posterior_right | alpha2 | EC","posterior_right","alpha2","EC","10","4","1","1","14.2520113106769","89.7573637603201","5.42277936055339","23.0812432608005","1","397","2","5","2","8.33496316839579","0.193358413304605","frobenius"
"single_element","posterior_right | beta1 | EC","posterior_right","beta1","EC","10","5","1","1","-31.9047390150496","165.05617022079","-48.1409468382865","-15.6685311918128","1","397","2","5","2","8.33496316839579","0.193358413304605","frobenius"
"single_element","posterior_right | beta2 | EC","posterior_right","beta2","EC","10","6","1","1","36.6062334687638","166.674415348637","20.2108424767334","53.0016244607942","1","397","2","5","2","8.33496316839579","0.193358413304605","frobenius"
"single_element","posterior_right | gamma1 | EC","posterior_right","gamma1","EC","10","7","1","1","-111.605214425642","215.470140612401","-132.800532225669","-90.4098966256151","1","397","2","5","2","8.33496316839579","0.193358413304605","frobenius"
"single_element","posterior_right | gamma2 | EC","posterior_right","gamma2","EC","10","8","1","1","91.340881854715","176.832060240049","73.9463059595635","108.735457749867","1","397","2","5","2","8.33496316839579","0.193358413304605","frobenius"
"single_element","posterior_right | alpha2 | EO","posterior_right","alpha2","EO","10","4","2","1","-13.3383437049205","69.2338654709243","-20.1487248417679","-6.52796256807299","1","397","2","5","2","8.33496316839579","0.193358413304605","frobenius"
"single_element","posterior_right | beta1 | EO","posterior_right","beta1","EO","10","5","2","1","45.9894040180858","168.670964612606","29.3976169220153","62.5811911141562","1","397","2","5","2","8.33496316839579","0.193358413304605","frobenius"
"single_element","posterior_right | beta2 | EO","posterior_right","beta2","EO","10","6","2","1","-49.451304052395","173.561097483922","-66.5241226268751","-32.378485477915","1","397","2","5","2","8.33496316839579","0.193358413304605","frobenius"
"single_element","posterior_right | gamma1 | EO","posterior_right","gamma1","EO","10","7","2","1","108.635919110025","213.984922611699","87.5866988965948","129.685139323455","1","397","2","5","2","8.33496316839579","0.193358413304605","frobenius"
"single_element","posterior_right | gamma2 | EO","posterior_right","gamma2","EO","10","8","2","1","-85.5830140598058","172.031168755149","-102.505336952956","-68.6606911666558","1","397","2","5","2","8.33496316839579","0.193358413304605","frobenius"
"roi_slice","ROI slice: anterior_midline","anterior_midline","","","1","NaN","NaN","4","-0.595012809055886","10.3517728194369","-1.61329364406185","0.423268025950077","0","397","2","5","2","8.33496316839579","0.193358413304605","frobenius"
"roi_slice","ROI slice: frontal_left","frontal_left","","","2","NaN","NaN","4","0.819653566489172","9.75084026922691","-0.139514872052573","1.77882200503092","0","397","2","5","2","8.33496316839579","0.193358413304605","frobenius"
"roi_slice","ROI slice: frontal_right","frontal_right","","","3","NaN","NaN","4","0.0986656246806961","4.11963767706176","-0.306573957648997","0.503905207010389","0","397","2","5","2","8.33496316839579","0.193358413304605","frobenius"
"roi_slice","ROI slice: central_left","central_left","","","4","NaN","NaN","4","-0.610661464551927","4.23414323330648","-1.02716470340302","-0.194158225700835","1","397","2","5","2","8.33496316839579","0.193358413304605","frobenius"
"roi_slice","ROI slice: central_right","central_right","","","5","NaN","NaN","4","-0.173775923228043","5.39578294522448","-0.704547073137513","0.356995226681427","0","397","2","5","2","8.33496316839579","0.193358413304605","frobenius"
"roi_slice","ROI slice: temporal_left","temporal_left","","","6","NaN","NaN","4","0.229777374811141","7.51462472882874","-0.509419521904028","0.968974271526311","0","397","2","5","2","8.33496316839579","0.193358413304605","frobenius"
"roi_slice","ROI slice: temporal_right","temporal_right","","","7","NaN","NaN","4","0.0151949973441858","17.7385322691758","-1.72970491167634","1.76009490636471","0","397","2","5","2","8.33496316839579","0.193358413304605","frobenius"
"roi_slice","ROI slice: posterior_left","posterior_left","","","8","NaN","NaN","4","-1.68791667169098","41.8720643556009","-5.80677837771555","2.4309450343336","0","397","2","5","2","8.33496316839579","0.193358413304605","frobenius"
"roi_slice","ROI slice: posterior_midline","posterior_midline","","","9","NaN","NaN","4","-0.292533365294949","5.54760453833268","-0.838238867155409","0.25317213656551","0","397","2","5","2","8.33496316839579","0.193358413304605","frobenius"
"roi_slice","ROI slice: posterior_right","posterior_right","","","10","NaN","NaN","4","0.336500287882046","5.28012776194855","-0.182894119255611","0.855894695019703","0","397","2","5","2","8.33496316839579","0.193358413304605","frobenius"
"band_slice","Band slice: delta","","delta","","NaN","1","NaN","4.47213595499958","0.258462281652403","4.93202378981918","-0.226689913103697","0.743614476408503","0","397","2","5","2","8.33496316839579","0.193358413304605","frobenius"
"band_slice","Band slice: theta","","theta","","NaN","2","NaN","4.47213595499958","-1.67062558564035","6.46796185146638","-2.30686458641627","-1.03438658486443","1","397","2","5","2","8.33496316839579","0.193358413304605","frobenius"
"band_slice","Band slice: alpha1","","alpha1","","NaN","3","NaN","4.47213595499958","-0.0290084228173542","4.114931583588","-0.433785077214251","0.375768231579542","0","397","2","5","2","8.33496316839579","0.193358413304605","frobenius"
"band_slice","Band slice: alpha2","","alpha2","","NaN","4","NaN","4.47213595499958","1.14234901765695","3.7329144660883","0.775150536214519","1.50954749909938","1","397","2","5","2","8.33496316839579","0.193358413304605","frobenius"
"band_slice","Band slice: beta1","","beta1","","NaN","5","NaN","4.47213595499958","0.988733426810523","7.60426114028211","0.240719195954259","1.73674765766679","1","397","2","5","2","8.33496316839579","0.193358413304605","frobenius"
"band_slice","Band slice: beta2","","beta2","","NaN","6","NaN","4.47213595499958","0.546734226205051","9.16446032157362","-0.354753322971926","1.44822177538203","0","397","2","5","2","8.33496316839579","0.193358413304605","frobenius"
"band_slice","Band slice: gamma1","","gamma1","","NaN","7","NaN","4.47213595499958","-1.69234252860258","11.8774684033802","-2.86070263991044","-0.523982417294723","1","397","2","5","2","8.33496316839579","0.193358413304605","frobenius"
"band_slice","Band slice: gamma2","","gamma2","","NaN","8","NaN","4.47213595499958","0.988346836662592","8.26271482597131","0.175561983365947","1.80113168995924","1","397","2","5","2","8.33496316839579","0.193358413304605","frobenius"
"condition_slice","Condition slice: EC","","","EC","NaN","NaN","1","8.94427190999916","0.0696340118184605","2.6201903327321","-0.188108275075557","0.327376298712478","0","397","2","5","2","8.33496316839579","0.193358413304605","frobenius"
"condition_slice","Condition slice: EO","","","EO","NaN","NaN","2","8.94427190999916","-0.0276972830214412","3.17670500599057","-0.340182678759063","0.284788112716181","0","397","2","5","2","8.33496316839579","0.193358413304605","frobenius"
"full_tensor","all_elements","","","","NaN","NaN","NaN","12.6491106406735","0.00348486083163484","1.31355258436424","-0.125726381122902","0.132696102786172","0","397","2","5","2","8.33496316839579","0.193358413304605","frobenius"
"shared_band","shared: delta","","delta","shared","NaN","1","NaN","3.16227766016838","0.258462281652403","4.93202378981918","-0.226689913103697","0.743614476408503","0","397","2","5","2","8.33496316839579","0.193358413304605","frobenius"
"shared_band","shared: theta","","theta","shared","NaN","2","NaN","3.16227766016838","-1.67062558564035","6.46796185146638","-2.30686458641627","-1.03438658486443","1","397","2","5","2","8.33496316839579","0.193358413304605","frobenius"
"shared_band","shared: alpha1","","alpha1","shared","NaN","3","NaN","3.16227766016838","-0.0290084228173542","4.114931583588","-0.433785077214251","0.375768231579542","0","397","2","5","2","8.33496316839579","0.193358413304605","frobenius"
"shared_band","shared: alpha2","","alpha2","shared","NaN","4","NaN","3.16227766016838","1.14234901765695","3.7329144660883","0.775150536214519","1.50954749909938","1","397","2","5","2","8.33496316839579","0.193358413304605","frobenius"
"shared_band","shared: beta1","","beta1","shared","NaN","5","NaN","3.16227766016838","0.988733426810523","7.60426114028211","0.240719195954259","1.73674765766679","1","397","2","5","2","8.33496316839579","0.193358413304605","frobenius"
"shared_band","shared: beta2","","beta2","shared","NaN","6","NaN","3.16227766016838","0.546734226205051","9.16446032157362","-0.354753322971926","1.44822177538203","0","397","2","5","2","8.33496316839579","0.193358413304605","frobenius"
"shared_band","shared: gamma1","","gamma1","shared","NaN","7","NaN","3.16227766016838","-1.69234252860258","11.8774684033802","-2.86070263991044","-0.523982417294723","1","397","2","5","2","8.33496316839579","0.193358413304605","frobenius"
"shared_band","shared: gamma2","","gamma2","shared","NaN","8","NaN","3.16227766016838","0.988346836662592","8.26271482597131","0.175561983365947","1.80113168995924","1","397","2","5","2","8.33496316839579","0.193358413304605","frobenius"
"shared_global","shared: global","","","shared","NaN","NaN","NaN","8.94427190999916","0.00348486083163484","1.31355258436424","-0.125726381122902","0.132696102786172","0","397","2","5","2","8.33496316839579","0.193358413304605","frobenius"
"contrast_band","contrast: delta","","delta","contrast","NaN","1","NaN","3.16227766016838","0.737846047877247","22.106360037919","-1.43670734998017","2.91239944573467","0","397","2","5","2","8.33496316839579","0.193358413304605","frobenius"
"contrast_band","contrast: theta","","theta","contrast","NaN","2","NaN","3.16227766016838","-6.08746720303641","28.5067641668636","-8.89161409898143","-3.2833203070914","1","397","2","5","2","8.33496316839579","0.193358413304605","frobenius"
"contrast_band","contrast: alpha1","","alpha1","contrast","NaN","3","NaN","3.16227766016838","4.33969442329393","18.6680791741211","2.50335705568007","6.17603179090779","1","397","2","5","2","8.33496316839579","0.193358413304605","frobenius"
"contrast_band","contrast: alpha2","","alpha2","contrast","NaN","4","NaN","3.16227766016838","-0.366616889826278","19.9527319501533","-2.32932268961966","1.5960889099671","0","397","2","5","2","8.33496316839579","0.193358413304605","frobenius"
"contrast_band","contrast: beta1","","beta1","contrast","NaN","5","NaN","3.16227766016838","10.1116317373814","33.8159249472534","6.78523452094196","13.4380289538208","1","397","2","5","2","8.33496316839579","0.193358413304605","frobenius"
"contrast_band","contrast: beta2","","beta2","contrast","NaN","6","NaN","3.16227766016838","-7.91730325130588","40.6991843816051","-11.9207913667277","-3.91381513588403","1","397","2","5","2","8.33496316839579","0.193358413304605","frobenius"
"contrast_global","contrast: global","","","contrast","NaN","NaN","NaN","8.94427190999916","0.281789198330178","3.97884560479141","-0.109600981446507","0.673179378106863","0","397","2","5","2","8.33496316839579","0.193358413304605","frobenius"
"shared_roi_group","shared: anterior","anterior","","shared","NaN","NaN","NaN","4.89897948556636","-0.00223279656385128","2.292160886464","-0.227707557471861","0.223241964344159","0","397","2","5","2","8.33496316839579","0.193358413304605","frobenius"
"shared_roi_group","shared: central","central","","shared","NaN","NaN","NaN","5.65685424949238","0.742900653473957","9.12769586933781","-0.15497045842467","1.64077176537258","0","397","2","5","2","8.33496316839579","0.193358413304605","frobenius"
"shared_roi_group","shared: posterior","posterior","","shared","NaN","NaN","NaN","4.89897948556636","0.906722426981","5.8684952677314","0.329451618812401","1.4839932351496","1","397","2","5","2","8.33496316839579","0.193358413304605","frobenius"
"contrast_band","contrast: gamma1","","gamma1","contrast","NaN","7","NaN","3.16227766016838","-19.3913145978325","49.7247246541241","-24.2826250066324","-14.5000041890327","1","397","2","5","2","8.33496316839579","0.193358413304605","frobenius"
"contrast_band","contrast: gamma2","","gamma2","contrast","NaN","8","NaN","3.16227766016838","19.7171546279287","49.8060703509831","14.8178424241159","24.6164668317415","1","397","2","5","2","8.33496316839579","0.193358413304605","frobenius"
"contrast_roi_group","contrast: anterior","anterior","","contrast","NaN","NaN","NaN","4.89897948556636","0.0794203847468132","9.23151156084263","-0.828662845489047","0.987503614982673","0","397","2","5","2","8.33496316839579","0.193358413304605","frobenius"
"contrast_roi_group","contrast: central","central","","contrast","NaN","NaN","NaN","5.65685424949238","1.45361167198247","17.5438436251722","-0.272137148771323","3.17936049273626","0","397","2","5","2","8.33496316839579","0.193358413304605","frobenius"
"contrast_roi_group","contrast: posterior","posterior","","contrast","NaN","NaN","NaN","4.89897948556636","-0.885690829658296","17.3252233613849","-2.58993446201184","0.818552802695247","0","397","2","5","2","8.33496316839579","0.193358413304605","frobenius"
